subject_id,status,message
Pitt_0050003,Success,Saved 3/5
Pitt_0050004,Success,Saved 4/5
Pitt_0050005,Success,Saved 4/5
Pitt_0050006,Success,Saved 4/5
Pitt_0050007,Success,Saved 4/5
Pitt_0050008,Success,Saved 4/5
Pitt_0050009,Success,Saved 4/5
Pitt_0050010,Success,Saved 4/5
Pitt_0050011,Success,Saved 4/5
Pitt_0050012,Success,Saved 4/5
Pitt_0050013,Success,Saved 4/5
Pitt_0050014,Success,Saved 3/5
Pitt_0050015,Success,Saved 4/5
Pitt_0050016,Success,Saved 4/5
Pitt_0050017,Success,Saved 4/5
Pitt_0050019,Success,Saved 4/5
Pitt_0050020,Success,Saved 4/5
Pitt_0050022,Success,Saved 4/5
Pitt_0050023,Success,Saved 4/5
Pitt_0050024,Success,Saved 4/5
Pitt_0050025,Success,Saved 4/5
Pitt_0050026,Success,Saved 4/5
Pitt_0050027,Success,Saved 3/5
Pitt_0050028,Success,Saved 4/5
Pitt_0050029,Success,Saved 4/5
Pitt_0050030,Success,Saved 4/5
Pitt_0050031,Success,Saved 4/5
Pitt_0050032,Success,Saved 3/5
Pitt_0050033,Success,Saved 4/5
Pitt_0050034,Success,Saved 4/5
Pitt_0050035,Success,Saved 4/5
Pitt_0050036,Success,Saved 4/5
Pitt_0050037,Success,Saved 4/5
Pitt_0050038,Success,Saved 4/5
Pitt_0050039,Success,Saved 4/5
Pitt_0050040,Success,Saved 4/5
Pitt_0050041,Success,Saved 4/5
Pitt_0050042,Success,Saved 4/5
Pitt_0050043,Success,Saved 4/5
Pitt_0050044,Success,Saved 4/5
Pitt_0050045,Success,Saved 4/5
Pitt_0050046,Success,Saved 4/5
Pitt_0050047,Success,Saved 4/5
Pitt_0050048,Success,Saved 4/5
Pitt_0050049,Success,Saved 4/5
Pitt_0050050,Success,Saved 4/5
Pitt_0050051,Success,Saved 4/5
Pitt_0050052,Success,Saved 4/5
Pitt_0050053,Success,Saved 4/5
Pitt_0050054,Success,Saved 4/5
Pitt_0050055,Success,Saved 3/5
Pitt_0050056,Success,Saved 4/5
Pitt_0050057,Success,Saved 4/5
Pitt_0050058,Success,Saved 4/5
Pitt_0050059,Success,Saved 4/5
Pitt_0050060,Success,Saved 4/5
Olin_0050102,Success,Saved 4/5
Olin_0050103,Success,Saved 4/5
Olin_0050104,Success,Saved 4/5
Olin_0050105,Success,Saved 3/5
Olin_0050106,Success,Saved 4/5
Olin_0050107,Success,Saved 4/5
Olin_0050109,Success,Saved 4/5
Olin_0050110,Success,Saved 4/5
Olin_0050111,Success,Saved 4/5
Olin_0050112,Success,Saved 4/5
Olin_0050113,Success,Saved 4/5
Olin_0050114,Success,Saved 4/5
Olin_0050115,Success,Saved 4/5
Olin_0050116,Success,Saved 4/5
Olin_0050117,Success,Saved 4/5
Olin_0050118,Success,Saved 4/5
Olin_0050119,Success,Saved 4/5
Olin_0050120,Success,Saved 4/5
Olin_0050121,Success,Saved 4/5
Olin_0050122,Success,Saved 4/5
Olin_0050123,Success,Saved 4/5
Olin_0050124,Success,Saved 4/5
Olin_0050125,Success,Saved 4/5
Olin_0050126,Success,Saved 4/5
Olin_0050127,Success,Saved 4/5
Olin_0050128,Success,Saved 4/5
Olin_0050129,Success,Saved 4/5
Olin_0050130,Success,Saved 4/5
Olin_0050131,Success,Saved 4/5
Olin_0050132,Success,Saved 4/5
Olin_0050133,Success,Saved 3/5
Olin_0050134,Success,Saved 4/5
Olin_0050135,Success,Saved 4/5
Olin_0050136,Success,Saved 3/5
OHSU_0050142,Success,Saved 4/5
OHSU_0050143,Success,Saved 4/5
OHSU_0050144,Success,Saved 4/5
OHSU_0050145,Success,Saved 4/5
OHSU_0050146,Success,Saved 4/5
OHSU_0050147,Success,Saved 4/5
OHSU_0050148,Success,Saved 4/5
OHSU_0050149,Success,Saved 4/5
OHSU_0050150,Success,Saved 4/5
OHSU_0050152,Success,Saved 4/5
OHSU_0050153,Success,Saved 4/5
OHSU_0050156,Success,Saved 4/5
OHSU_0050157,Success,Saved 4/5
OHSU_0050158,Success,Saved 4/5
OHSU_0050159,Success,Saved 4/5
OHSU_0050160,Success,Saved 4/5
OHSU_0050161,Success,Saved 4/5
OHSU_0050162,Success,Saved 4/5
OHSU_0050163,Success,Saved 4/5
OHSU_0050164,Success,Saved 4/5
OHSU_0050166,Success,Saved 4/5
OHSU_0050167,Success,Saved 4/5
OHSU_0050168,Success,Saved 4/5
OHSU_0050169,Success,Saved 4/5
OHSU_0050170,Success,Saved 4/5
OHSU_0050171,Success,Saved 4/5
SDSU_0050182,Success,Saved 4/5
SDSU_0050183,Success,Saved 4/5
SDSU_0050184,Success,Saved 4/5
SDSU_0050185,Success,Saved 3/5
SDSU_0050186,Success,Saved 4/5
SDSU_0050187,Success,Saved 4/5
SDSU_0050188,Success,Saved 4/5
SDSU_0050189,Success,Saved 4/5
SDSU_0050190,Success,Saved 4/5
SDSU_0050191,Success,Saved 4/5
SDSU_0050192,Success,Saved 4/5
SDSU_0050193,Success,Saved 4/5
SDSU_0050194,Success,Saved 4/5
SDSU_0050195,Success,Saved 4/5
SDSU_0050196,Success,Saved 4/5
SDSU_0050197,Success,Saved 4/5
SDSU_0050198,Success,Saved 4/5
SDSU_0050199,Success,Saved 4/5
SDSU_0050200,Success,Saved 4/5
SDSU_0050201,Success,Saved 4/5
SDSU_0050202,Success,Saved 4/5
SDSU_0050203,Success,Saved 4/5
SDSU_0050204,Success,Saved 4/5
SDSU_0050205,Success,Saved 4/5
SDSU_0050206,Success,Saved 4/5
SDSU_0050207,Success,Saved 4/5
SDSU_0050208,Success,Saved 4/5
SDSU_0050209,Success,Saved 4/5
SDSU_0050210,Success,Saved 4/5
SDSU_0050211,Success,Saved 4/5
SDSU_0050212,Success,Saved 4/5
SDSU_0050213,Success,Saved 4/5
SDSU_0050214,Success,Saved 4/5
SDSU_0050215,Success,Saved 4/5
SDSU_0050216,Success,Saved 4/5
SDSU_0050217,Success,Saved 4/5
Trinity_0050232,Success,Saved 4/5
Trinity_0050233,Success,Saved 4/5
Trinity_0050234,Success,Saved 4/5
Trinity_0050235,Success,Saved 4/5
Trinity_0050236,Success,Saved 4/5
Trinity_0050237,Success,Saved 4/5
Trinity_0050239,Success,Saved 4/5
Trinity_0050240,Success,Saved 4/5
Trinity_0050241,Success,Saved 4/5
Trinity_0050242,Success,Saved 4/5
Trinity_0050243,Success,Saved 4/5
Trinity_0050245,Success,Saved 4/5
Trinity_0050246,Success,Saved 4/5
Trinity_0050247,Success,Saved 4/5
Trinity_0050248,Success,Saved 4/5
Trinity_0050249,Success,Saved 4/5
Trinity_0050250,Success,Saved 4/5
Trinity_0050251,Success,Saved 4/5
Trinity_0050252,Success,Saved 4/5
Trinity_0050253,Success,Saved 4/5
Trinity_0050254,Success,Saved 4/5
Trinity_0050255,Success,Saved 4/5
Trinity_0050257,Success,Saved 4/5
Trinity_0050259,Success,Saved 4/5
Trinity_0050260,Success,Saved 4/5
Trinity_0050261,Success,Saved 4/5
Trinity_0050262,Success,Saved 4/5
Trinity_0050263,Success,Saved 4/5
Trinity_0050264,Success,Saved 4/5
Trinity_0050265,Success,Saved 4/5
Trinity_0050266,Success,Saved 4/5
Trinity_0050267,Success,Saved 4/5
Trinity_0050268,Success,Saved 3/5
Trinity_0050269,Success,Saved 4/5
Trinity_0050270,Success,Saved 4/5
Trinity_0050271,Success,Saved 4/5
UM_1_0050272,Success,Saved 4/5
UM_1_0050273,Success,Saved 4/5
UM_1_0050274,Success,Saved 4/5
UM_1_0050275,Success,Saved 4/5
UM_1_0050276,Success,Saved 4/5
UM_1_0050277,Success,Saved 4/5
UM_1_0050278,Success,Saved 4/5
UM_1_0050279,Success,Saved 4/5
UM_1_0050280,Success,Saved 4/5
UM_1_0050281,Success,Saved 4/5
UM_1_0050282,Success,Saved 4/5
UM_1_0050283,Success,Saved 4/5
UM_1_0050284,Success,Saved 3/5
UM_1_0050285,Success,Saved 4/5
UM_1_0050286,Success,Saved 4/5
UM_1_0050287,Success,Saved 4/5
UM_1_0050288,Success,Saved 4/5
UM_1_0050289,Success,Saved 4/5
UM_1_0050290,Success,Saved 4/5
UM_1_0050291,Success,Saved 4/5
UM_1_0050292,Success,Saved 4/5
UM_1_0050293,Success,Saved 4/5
UM_1_0050294,Success,Saved 4/5
UM_1_0050295,Success,Saved 4/5
UM_1_0050296,Success,Saved 4/5
UM_1_0050297,Success,Saved 4/5
UM_1_0050298,Success,Saved 4/5
UM_1_0050299,Success,Saved 4/5
UM_1_0050300,Success,Saved 4/5
UM_1_0050301,Success,Saved 4/5
UM_1_0050302,Success,Saved 4/5
UM_1_0050303,Success,Saved 4/5
UM_1_0050304,Success,Saved 4/5
UM_1_0050305,Success,Saved 4/5
UM_1_0050306,Success,Saved 4/5
UM_1_0050307,Success,Saved 4/5
UM_1_0050308,Success,Saved 4/5
UM_1_0050310,Success,Saved 4/5
UM_1_0050311,Success,Saved 4/5
UM_1_0050312,Success,Saved 4/5
UM_1_0050313,Success,Saved 4/5
UM_1_0050314,Success,Saved 3/5
UM_1_0050315,Success,Saved 4/5
UM_1_0050316,Success,Saved 4/5
UM_1_0050317,Success,Saved 4/5
UM_1_0050318,Success,Saved 4/5
UM_1_0050319,Success,Saved 4/5
UM_1_0050320,Success,Saved 4/5
UM_1_0050321,Success,Saved 4/5
UM_1_0050322,Success,Saved 4/5
UM_1_0050324,Success,Saved 4/5
UM_1_0050325,Success,Saved 4/5
UM_1_0050326,Success,Saved 4/5
UM_1_0050327,Success,Saved 4/5
UM_1_0050329,Success,Saved 4/5
UM_1_0050330,Success,Saved 4/5
UM_1_0050331,Success,Saved 4/5
UM_1_0050332,Success,Saved 4/5
UM_1_0050333,Success,Saved 4/5
UM_1_0050334,Success,Saved 4/5
UM_1_0050335,Success,Saved 4/5
UM_1_0050336,Success,Saved 4/5
UM_1_0050337,Success,Saved 4/5
UM_1_0050338,Success,Saved 4/5
UM_1_0050339,Success,Saved 4/5
UM_1_0050340,Success,Saved 4/5
UM_1_0050341,Success,Saved 4/5
UM_1_0050342,Success,Saved 4/5
UM_1_0050343,Success,Saved 4/5
UM_1_0050344,Success,Saved 4/5
UM_1_0050345,Success,Saved 4/5
UM_1_0050346,Success,Saved 4/5
UM_1_0050347,Success,Saved 4/5
UM_1_0050348,Success,Saved 4/5
UM_1_0050349,Success,Saved 4/5
UM_1_0050350,Success,Saved 4/5
UM_1_0050351,Success,Saved 4/5
UM_1_0050352,Success,Saved 4/5
UM_1_0050353,Success,Saved 4/5
UM_1_0050354,Success,Saved 3/5
UM_1_0050355,Success,Saved 4/5
UM_1_0050356,Success,Saved 4/5
UM_1_0050357,Success,Saved 4/5
UM_1_0050358,Success,Saved 4/5
UM_1_0050359,Success,Saved 4/5
UM_1_0050360,Success,Saved 4/5
UM_1_0050361,Success,Saved 4/5
UM_1_0050362,Success,Saved 4/5
UM_1_0050363,Success,Saved 4/5
UM_1_0050364,Success,Saved 4/5
UM_1_0050365,Success,Saved 4/5
UM_1_0050366,Success,Saved 4/5
UM_1_0050367,Success,Saved 4/5
UM_1_0050368,Success,Saved 4/5
UM_1_0050369,Success,Saved 4/5
UM_1_0050370,Success,Saved 4/5
UM_1_0050371,Success,Saved 3/5
UM_1_0050372,Success,Saved 4/5
UM_1_0050373,Success,Saved 3/5
UM_1_0050374,Success,Saved 4/5
UM_1_0050375,Success,Saved 4/5
UM_1_0050376,Success,Saved 3/5
UM_1_0050377,Success,Saved 4/5
UM_1_0050379,Success,Saved 4/5
UM_1_0050380,Success,Saved 4/5
UM_1_0050381,Success,Saved 4/5
UM_2_0050382,Success,Saved 4/5
UM_2_0050383,Success,Saved 4/5
UM_2_0050385,Success,Saved 4/5
UM_2_0050386,Success,Saved 4/5
UM_2_0050387,Success,Saved 4/5
UM_2_0050388,Success,Saved 4/5
UM_2_0050390,Success,Saved 4/5
UM_2_0050391,Success,Saved 4/5
UM_2_0050397,Success,Saved 4/5
UM_2_0050399,Success,Saved 4/5
UM_2_0050402,Success,Saved 4/5
UM_2_0050403,Success,Saved 4/5
UM_2_0050404,Success,Saved 4/5
UM_2_0050405,Success,Saved 4/5
UM_2_0050406,Success,Saved 4/5
UM_2_0050407,Success,Saved 4/5
UM_2_0050408,Success,Saved 4/5
UM_2_0050410,Success,Saved 3/5
UM_2_0050411,Success,Saved 4/5
UM_2_0050412,Success,Saved 4/5
UM_2_0050413,Success,Saved 4/5
UM_2_0050414,Success,Saved 4/5
UM_2_0050415,Success,Saved 4/5
UM_2_0050416,Success,Saved 4/5
UM_2_0050417,Success,Saved 4/5
UM_2_0050418,Success,Saved 4/5
UM_2_0050419,Success,Saved 4/5
UM_2_0050421,Success,Saved 4/5
UM_2_0050422,Success,Saved 4/5
UM_2_0050424,Success,Saved 4/5
UM_2_0050425,Success,Saved 4/5
UM_2_0050426,Success,Saved 4/5
UM_2_0050427,Success,Saved 4/5
UM_2_0050428,Success,Saved 4/5
USM_0050433,Success,Saved 4/5
USM_0050434,Success,Saved 4/5
USM_0050435,Success,Saved 4/5
USM_0050436,Success,Saved 4/5
USM_0050437,Success,Saved 4/5
USM_0050438,Success,Saved 4/5
USM_0050439,Success,Saved 4/5
USM_0050440,Success,Saved 4/5
USM_0050441,Success,Saved 4/5
USM_0050442,Success,Saved 4/5
USM_0050443,Success,Saved 4/5
USM_0050444,Success,Saved 4/5
USM_0050445,Success,Saved 4/5
USM_0050446,Success,Saved 4/5
USM_0050447,Success,Saved 4/5
USM_0050448,Success,Saved 4/5
USM_0050449,Success,Saved 4/5
USM_0050453,Success,Saved 4/5
USM_0050455,Success,Saved 4/5
USM_0050463,Success,Saved 4/5
USM_0050466,Success,Saved 4/5
USM_0050467,Success,Saved 4/5
USM_0050468,Success,Saved 4/5
USM_0050469,Success,Saved 4/5
USM_0050470,Success,Saved 4/5
USM_0050477,Success,Saved 4/5
USM_0050480,Success,Saved 4/5
USM_0050481,Success,Saved 4/5
USM_0050482,Success,Saved 4/5
USM_0050483,Success,Saved 4/5
USM_0050485,Success,Saved 4/5
USM_0050486,Success,Saved 4/5
USM_0050487,Success,Saved 4/5
USM_0050488,Success,Saved 4/5
USM_0050489,Success,Saved 4/5
USM_0050490,Success,Saved 4/5
USM_0050491,Success,Saved 4/5
USM_0050492,Success,Saved 4/5
USM_0050493,Success,Saved 4/5
USM_0050494,Success,Saved 4/5
USM_0050496,Success,Saved 4/5
USM_0050497,Success,Saved 4/5
USM_0050498,Success,Saved 4/5
USM_0050499,Success,Saved 4/5
USM_0050500,Success,Saved 4/5
USM_0050501,Success,Saved 4/5
USM_0050502,Success,Saved 4/5
USM_0050503,Success,Saved 4/5
USM_0050504,Success,Saved 4/5
USM_0050505,Success,Saved 4/5
USM_0050507,Success,Saved 4/5
USM_0050509,Success,Saved 3/5
USM_0050510,Success,Saved 4/5
USM_0050511,Success,Saved 4/5
USM_0050514,Success,Saved 4/5
USM_0050515,Success,Saved 4/5
USM_0050516,Success,Saved 4/5
USM_0050518,Success,Saved 4/5
USM_0050519,Success,Saved 4/5
USM_0050520,Success,Saved 4/5
USM_0050521,Success,Saved 4/5
USM_0050523,Success,Saved 4/5
USM_0050524,Success,Saved 4/5
USM_0050525,Success,Saved 4/5
USM_0050526,Success,Saved 4/5
USM_0050527,Success,Saved 4/5
USM_0050528,Success,Saved 4/5
USM_0050529,Success,Saved 4/5
USM_0050530,Success,Saved 4/5
USM_0050531,Success,Saved 4/5
USM_0050532,Success,Saved 4/5
Yale_0050551,Success,Saved 4/5
Yale_0050552,Success,Saved 4/5
Yale_0050553,Success,Saved 4/5
Yale_0050554,Success,Saved 4/5
Yale_0050555,Success,Saved 4/5
Yale_0050556,Success,Saved 4/5
Yale_0050557,Success,Saved 4/5
Yale_0050558,Success,Saved 4/5
Yale_0050559,Success,Saved 4/5
Yale_0050560,Success,Saved 4/5
Yale_0050561,Success,Saved 4/5
Yale_0050562,Success,Saved 4/5
Yale_0050563,Success,Saved 4/5
Yale_0050564,Success,Saved 4/5
Yale_0050565,Success,Saved 4/5
Yale_0050566,Success,Saved 4/5
Yale_0050567,Success,Saved 4/5
Yale_0050568,Success,Saved 4/5
Yale_0050569,Success,Saved 4/5
Yale_0050570,Success,Saved 3/5
Yale_0050571,Success,Saved 4/5
Yale_0050572,Success,Saved 4/5
Yale_0050573,Success,Saved 4/5
Yale_0050574,Success,Saved 4/5
Yale_0050575,Success,Saved 4/5
Yale_0050576,Success,Saved 4/5
Yale_0050577,Success,Saved 4/5
Yale_0050578,Success,Saved 4/5
Yale_0050601,Success,Saved 4/5
Yale_0050602,Success,Saved 4/5
Yale_0050603,Success,Saved 4/5
Yale_0050604,Success,Saved 4/5
Yale_0050605,Success,Saved 4/5
Yale_0050606,Success,Saved 4/5
Yale_0050607,Success,Saved 4/5
Yale_0050608,Success,Saved 4/5
Yale_0050609,Success,Saved 4/5
Yale_0050610,Success,Saved 4/5
Yale_0050611,Success,Saved 4/5
Yale_0050612,Success,Saved 4/5
Yale_0050613,Success,Saved 4/5
Yale_0050614,Success,Saved 4/5
Yale_0050615,Success,Saved 4/5
Yale_0050616,Success,Saved 4/5
Yale_0050617,Success,Saved 4/5
Yale_0050618,Success,Saved 4/5
Yale_0050619,Success,Saved 4/5
Yale_0050620,Success,Saved 4/5
Yale_0050621,Success,Saved 4/5
Yale_0050622,Success,Saved 4/5
Yale_0050623,Success,Saved 4/5
Yale_0050624,Success,Saved 4/5
Yale_0050625,Success,Saved 4/5
Yale_0050626,Success,Saved 4/5
Yale_0050627,Success,Saved 4/5
Yale_0050628,Success,Saved 4/5
CMU_a_0050642,Success,Saved 4/5
CMU_b_0050643,Success,Saved 4/5
CMU_b_0050644,Success,Saved 4/5
CMU_b_0050645,Success,Saved 4/5
CMU_a_0050646,Success,Saved 4/5
CMU_a_0050647,Success,Saved 4/5
CMU_b_0050648,Success,Saved 4/5
CMU_a_0050649,Success,Saved 4/5
CMU_b_0050650,Success,Saved 4/5
CMU_b_0050651,Success,Saved 4/5
CMU_b_0050652,Success,Saved 4/5
CMU_a_0050653,Success,Saved 4/5
CMU_a_0050654,Success,Saved 4/5
CMU_b_0050655,Success,Saved 3/5
CMU_a_0050656,Success,Saved 4/5
CMU_b_0050657,Success,Saved 3/5
CMU_b_0050658,Success,Saved 4/5
CMU_a_0050659,Success,Saved 4/5
CMU_a_0050660,Success,Saved 4/5
CMU_b_0050661,Success,Saved 4/5
CMU_a_0050663,Success,Saved 4/5
CMU_a_0050664,Success,Saved 4/5
CMU_a_0050665,Success,Saved 4/5
CMU_a_0050666,Success,Saved 4/5
CMU_b_0050667,Success,Saved 4/5
CMU_a_0050668,Success,Saved 4/5
CMU_b_0050669,Success,Saved 4/5
Leuven_1_0050682,Success,Saved 4/5
Leuven_1_0050683,Success,Saved 4/5
Leuven_1_0050685,Success,Saved 4/5
Leuven_1_0050686,Success,Saved 4/5
Leuven_1_0050687,Success,Saved 4/5
Leuven_1_0050688,Success,Saved 4/5
Leuven_1_0050689,Success,Saved 4/5
Leuven_1_0050690,Success,Saved 3/5
Leuven_1_0050691,Success,Saved 4/5
Leuven_1_0050692,Success,Saved 4/5
Leuven_1_0050693,Success,Saved 4/5
Leuven_1_0050694,Success,Saved 4/5
Leuven_1_0050695,Success,Saved 4/5
Leuven_1_0050696,Success,Saved 4/5
Leuven_1_0050697,Success,Saved 4/5
Leuven_1_0050698,Success,Saved 4/5
Leuven_1_0050699,Success,Saved 3/5
Leuven_1_0050700,Success,Saved 3/5
Leuven_1_0050701,Success,Saved 4/5
Leuven_1_0050702,Success,Saved 4/5
Leuven_1_0050703,Success,Saved 4/5
Leuven_1_0050704,Success,Saved 4/5
Leuven_1_0050705,Success,Saved 4/5
Leuven_1_0050706,Success,Saved 4/5
Leuven_1_0050707,Success,Saved 4/5
Leuven_1_0050708,Success,Saved 4/5
Leuven_1_0050709,Success,Saved 4/5
Leuven_1_0050710,Success,Saved 4/5
Leuven_1_0050711,Success,Saved 4/5
Leuven_2_0050722,Success,Saved 4/5
Leuven_2_0050723,Success,Saved 4/5
Leuven_2_0050724,Success,Saved 4/5
Leuven_2_0050725,Success,Saved 3/5
Leuven_2_0050726,Success,Saved 3/5
Leuven_2_0050727,Success,Saved 3/5
Leuven_2_0050728,Success,Saved 4/5
Leuven_2_0050730,Success,Saved 4/5
Leuven_2_0050731,Success,Saved 3/5
Leuven_2_0050732,Success,Saved 4/5
Leuven_2_0050733,Success,Saved 4/5
Leuven_2_0050735,Success,Saved 4/5
Leuven_2_0050736,Success,Saved 3/5
Leuven_2_0050737,Success,Saved 4/5
Leuven_2_0050738,Success,Saved 4/5
Leuven_2_0050739,Success,Saved 4/5
Leuven_2_0050740,Success,Saved 4/5
Leuven_2_0050741,Success,Saved 4/5
Leuven_2_0050742,Success,Saved 4/5
Leuven_2_0050743,Success,Saved 4/5
Leuven_2_0050744,Success,Saved 4/5
Leuven_2_0050745,Success,Saved 4/5
Leuven_2_0050746,Success,Saved 3/5
Leuven_2_0050747,Success,Saved 3/5
Leuven_2_0050748,Success,Saved 4/5
Leuven_2_0050749,Success,Saved 4/5
Leuven_2_0050750,Success,Saved 4/5
Leuven_2_0050751,Success,Saved 4/5
Leuven_2_0050752,Success,Saved 4/5
Leuven_2_0050753,Success,Saved 4/5
Leuven_2_0050754,Success,Saved 4/5
Leuven_2_0050755,Success,Saved 4/5
Leuven_2_0050756,Success,Saved 4/5
Leuven_2_0050757,Success,Saved 4/5
KKI_0050772,Success,Saved 4/5
KKI_0050773,Success,Saved 4/5
KKI_0050774,Success,Saved 4/5
KKI_0050775,Success,Saved 4/5
KKI_0050776,Success,Saved 4/5
KKI_0050777,Success,Saved 4/5
KKI_0050778,Success,Saved 4/5
KKI_0050779,Success,Saved 4/5
KKI_0050780,Success,Saved 4/5
KKI_0050781,Success,Saved 4/5
KKI_0050782,Success,Saved 4/5
KKI_0050783,Success,Saved 4/5
KKI_0050784,Success,Saved 4/5
KKI_0050785,Success,Saved 4/5
KKI_0050786,Success,Saved 4/5
KKI_0050787,Success,Saved 4/5
KKI_0050788,Success,Saved 4/5
KKI_0050789,Success,Saved 4/5
KKI_0050790,Success,Saved 4/5
KKI_0050791,Success,Saved 4/5
KKI_0050792,Success,Saved 4/5
KKI_0050793,Success,Saved 4/5
KKI_0050794,Success,Saved 4/5
KKI_0050795,Success,Saved 4/5
KKI_0050796,Success,Saved 4/5
KKI_0050797,Success,Saved 4/5
KKI_0050798,Success,Saved 4/5
KKI_0050799,Success,Saved 4/5
KKI_0050800,Success,Saved 4/5
KKI_0050801,Success,Saved 4/5
KKI_0050802,Success,Saved 4/5
KKI_0050803,Success,Saved 4/5
KKI_0050804,Success,Saved 4/5
KKI_0050807,Success,Saved 4/5
KKI_0050812,Success,Saved 4/5
KKI_0050814,Success,Saved 4/5
KKI_0050815,Success,Saved 4/5
KKI_0050816,Success,Saved 4/5
KKI_0050817,Success,Saved 4/5
KKI_0050818,Success,Saved 4/5
KKI_0050819,Success,Saved 4/5
KKI_0050820,Success,Saved 4/5
KKI_0050821,Success,Saved 4/5
KKI_0050822,Success,Saved 4/5
KKI_0050823,Success,Saved 4/5
KKI_0050824,Success,Saved 4/5
KKI_0050825,Success,Saved 4/5
KKI_0050826,Success,Saved 4/5
NYU_0050952,Success,Saved 4/5
NYU_0050954,Success,Saved 4/5
NYU_0050955,Success,Saved 4/5
NYU_0050956,Success,Saved 4/5
NYU_0050957,Success,Saved 4/5
NYU_0050958,Success,Saved 4/5
NYU_0050959,Success,Saved 4/5
NYU_0050960,Success,Saved 4/5
NYU_0050961,Success,Saved 4/5
NYU_0050962,Success,Saved 4/5
NYU_0050964,Success,Saved 4/5
NYU_0050965,Success,Saved 4/5
NYU_0050966,Success,Saved 4/5
NYU_0050967,Success,Saved 4/5
NYU_0050968,Success,Saved 4/5
NYU_0050969,Success,Saved 4/5
NYU_0050970,Success,Saved 4/5
NYU_0050972,Success,Saved 4/5
NYU_0050973,Success,Saved 4/5
NYU_0050974,Success,Saved 4/5
NYU_0050976,Success,Saved 4/5
NYU_0050977,Success,Saved 4/5
NYU_0050978,Success,Saved 4/5
NYU_0050979,Success,Saved 4/5
NYU_0050981,Success,Saved 4/5
NYU_0050982,Success,Saved 4/5
NYU_0050983,Success,Saved 4/5
NYU_0050984,Success,Saved 4/5
NYU_0050985,Success,Saved 4/5
NYU_0050986,Success,Saved 4/5
NYU_0050987,Success,Saved 4/5
NYU_0050988,Success,Saved 4/5
NYU_0050989,Success,Saved 4/5
NYU_0050990,Success,Saved 4/5
NYU_0050991,Success,Saved 4/5
NYU_0050992,Success,Saved 4/5
NYU_0050993,Success,Saved 4/5
NYU_0050994,Success,Saved 4/5
NYU_0050995,Success,Saved 4/5
NYU_0050996,Success,Saved 4/5
NYU_0050997,Success,Saved 4/5
NYU_0050998,Success,Saved 4/5
NYU_0050999,Success,Saved 4/5
NYU_0051000,Success,Saved 4/5
NYU_0051001,Success,Saved 4/5
NYU_0051002,Success,Saved 4/5
NYU_0051003,Success,Saved 4/5
NYU_0051006,Success,Saved 4/5
NYU_0051007,Success,Saved 4/5
NYU_0051008,Success,Saved 4/5
NYU_0051009,Success,Saved 4/5
NYU_0051010,Success,Saved 4/5
NYU_0051011,Success,Saved 4/5
NYU_0051012,Success,Saved 4/5
NYU_0051013,Success,Saved 4/5
NYU_0051014,Success,Saved 4/5
NYU_0051015,Success,Saved 4/5
NYU_0051016,Success,Saved 4/5
NYU_0051017,Success,Saved 4/5
NYU_0051018,Success,Saved 4/5
NYU_0051019,Success,Saved 4/5
NYU_0051020,Success,Saved 3/5
NYU_0051021,Success,Saved 4/5
NYU_0051023,Success,Saved 4/5
NYU_0051024,Success,Saved 4/5
NYU_0051025,Success,Saved 4/5
NYU_0051026,Success,Saved 4/5
NYU_0051027,Success,Saved 4/5
NYU_0051028,Success,Saved 4/5
NYU_0051029,Success,Saved 4/5
NYU_0051030,Success,Saved 4/5
NYU_0051032,Success,Saved 4/5
NYU_0051033,Success,Saved 4/5
NYU_0051034,Success,Saved 4/5
NYU_0051035,Success,Saved 4/5
NYU_0051036,Success,Saved 4/5
NYU_0051038,Success,Saved 4/5
NYU_0051039,Success,Saved 4/5
NYU_0051040,Success,Saved 4/5
NYU_0051041,Success,Saved 4/5
NYU_0051042,Success,Saved 4/5
NYU_0051044,Success,Saved 4/5
NYU_0051045,Success,Saved 4/5
NYU_0051046,Success,Saved 4/5
NYU_0051047,Success,Saved 4/5
NYU_0051048,Success,Saved 4/5
NYU_0051049,Success,Saved 4/5
NYU_0051050,Success,Saved 4/5
NYU_0051051,Success,Saved 4/5
NYU_0051052,Success,Saved 4/5
NYU_0051053,Success,Saved 4/5
NYU_0051054,Success,Saved 4/5
NYU_0051055,Success,Saved 4/5
NYU_0051056,Success,Saved 4/5
NYU_0051057,Success,Saved 4/5
NYU_0051058,Success,Saved 4/5
NYU_0051059,Success,Saved 4/5
NYU_0051060,Success,Saved 4/5
NYU_0051061,Success,Saved 4/5
NYU_0051062,Success,Saved 4/5
NYU_0051063,Success,Saved 4/5
NYU_0051064,Success,Saved 4/5
NYU_0051065,Success,Saved 4/5
NYU_0051066,Success,Saved 4/5
NYU_0051067,Success,Saved 4/5
NYU_0051068,Success,Saved 4/5
NYU_0051069,Success,Saved 4/5
NYU_0051070,Success,Saved 4/5
NYU_0051071,Success,Saved 4/5
NYU_0051072,Success,Saved 4/5
NYU_0051073,Success,Saved 4/5
NYU_0051074,Success,Saved 4/5
NYU_0051075,Success,Saved 4/5
NYU_0051076,Success,Saved 4/5
NYU_0051077,Success,Saved 4/5
NYU_0051078,Success,Saved 4/5
NYU_0051079,Success,Saved 4/5
NYU_0051080,Success,Saved 4/5
NYU_0051081,Success,Saved 4/5
NYU_0051082,Success,Saved 4/5
NYU_0051083,Success,Saved 4/5
NYU_0051084,Success,Saved 4/5
NYU_0051085,Success,Saved 4/5
NYU_0051086,Success,Saved 4/5
NYU_0051087,Success,Saved 4/5
NYU_0051088,Success,Saved 4/5
NYU_0051089,Success,Saved 4/5
NYU_0051090,Success,Saved 4/5
NYU_0051091,Success,Saved 4/5
NYU_0051093,Success,Saved 4/5
NYU_0051094,Success,Saved 4/5
NYU_0051095,Success,Saved 4/5
NYU_0051096,Success,Saved 4/5
NYU_0051097,Success,Saved 4/5
NYU_0051098,Success,Saved 4/5
NYU_0051099,Success,Saved 4/5
NYU_0051100,Success,Saved 4/5
NYU_0051101,Success,Saved 4/5
NYU_0051102,Success,Saved 4/5
NYU_0051103,Success,Saved 4/5
NYU_0051104,Success,Saved 4/5
NYU_0051105,Success,Saved 4/5
NYU_0051106,Success,Saved 4/5
NYU_0051107,Success,Saved 4/5
NYU_0051109,Success,Saved 4/5
NYU_0051110,Success,Saved 4/5
NYU_0051111,Success,Saved 4/5
NYU_0051112,Success,Saved 4/5
NYU_0051113,Success,Saved 4/5
NYU_0051114,Success,Saved 4/5
NYU_0051116,Success,Saved 4/5
NYU_0051117,Success,Saved 4/5
NYU_0051118,Success,Saved 4/5
NYU_0051121,Success,Saved 4/5
NYU_0051122,Success,Saved 4/5
NYU_0051123,Success,Saved 4/5
NYU_0051124,Success,Saved 4/5
NYU_0051126,Success,Saved 4/5
NYU_0051127,Success,Saved 4/5
NYU_0051128,Success,Saved 4/5
NYU_0051129,Success,Saved 4/5
NYU_0051130,Success,Saved 4/5
NYU_0051131,Success,Saved 4/5
Trinity_0051132,Success,Saved 3/5
Trinity_0051133,Success,Saved 4/5
Trinity_0051134,Success,Saved 4/5
Trinity_0051135,Success,Saved 4/5
Trinity_0051136,Success,Saved 4/5
Trinity_0051137,Success,Saved 4/5
Trinity_0051138,Success,Saved 4/5
Trinity_0051139,Success,Saved 4/5
Trinity_0051140,Success,Saved 4/5
Trinity_0051141,Success,Saved 4/5
Trinity_0051142,Success,Saved 4/5
NYU_0051146,Success,Saved 4/5
NYU_0051147,Success,Saved 4/5
NYU_0051148,Success,Saved 4/5
NYU_0051149,Success,Saved 4/5
NYU_0051150,Success,Saved 4/5
NYU_0051151,Success,Saved 4/5
NYU_0051152,Success,Saved 4/5
NYU_0051153,Success,Saved 4/5
NYU_0051154,Success,Saved 4/5
NYU_0051155,Success,Saved 4/5
NYU_0051156,Success,Saved 4/5
NYU_0051159,Success,Saved 4/5
Stanford_0051160,Success,Saved 4/5
Stanford_0051161,Success,Saved 4/5
Stanford_0051162,Success,Saved 4/5
Stanford_0051163,Success,Saved 4/5
Stanford_0051164,Success,Saved 4/5
Stanford_0051165,Success,Saved 4/5
Stanford_0051166,Success,Saved 4/5
Stanford_0051167,Success,Saved 4/5
Stanford_0051168,Success,Saved 4/5
Stanford_0051169,Success,Saved 4/5
Stanford_0051170,Success,Saved 4/5
Stanford_0051171,Success,Saved 4/5
Stanford_0051172,Success,Saved 4/5
Stanford_0051173,Success,Saved 4/5
Stanford_0051174,Success,Saved 4/5
Stanford_0051175,Success,Saved 4/5
Stanford_0051177,Success,Saved 4/5
Stanford_0051178,Success,Saved 4/5
Stanford_0051179,Success,Saved 4/5
Stanford_0051180,Success,Saved 4/5
Stanford_0051181,Success,Saved 4/5
Stanford_0051182,Success,Saved 4/5
Stanford_0051183,Success,Saved 4/5
Stanford_0051184,Success,Saved 4/5
Stanford_0051185,Success,Saved 4/5
Stanford_0051186,Success,Saved 4/5
Stanford_0051187,Success,Saved 4/5
Stanford_0051188,Success,Saved 4/5
Stanford_0051189,Success,Saved 4/5
Stanford_0051190,Success,Saved 4/5
Stanford_0051191,Success,Saved 4/5
Stanford_0051192,Success,Saved 4/5
Stanford_0051193,Success,Saved 4/5
Stanford_0051194,Success,Saved 4/5
Stanford_0051195,Success,Saved 4/5
Stanford_0051196,Success,Saved 4/5
Stanford_0051197,Success,Saved 4/5
Stanford_0051198,Success,Saved 4/5
Stanford_0051199,Success,Saved 4/5
UCLA_1_0051201,Success,Saved 4/5
UCLA_1_0051202,Success,Saved 4/5
UCLA_1_0051203,Success,Saved 4/5
UCLA_1_0051204,Success,Saved 4/5
UCLA_1_0051205,Success,Saved 4/5
UCLA_1_0051206,Success,Saved 4/5
UCLA_1_0051207,Success,Saved 4/5
UCLA_1_0051208,Success,Saved 4/5
UCLA_1_0051209,Success,Saved 4/5
UCLA_1_0051210,Success,Saved 4/5
UCLA_1_0051211,Success,Saved 4/5
UCLA_1_0051212,Success,Saved 4/5
UCLA_1_0051213,Success,Saved 4/5
UCLA_1_0051214,Success,Saved 4/5
UCLA_1_0051215,Success,Saved 4/5
UCLA_1_0051216,Success,Saved 4/5
UCLA_1_0051217,Success,Saved 4/5
UCLA_1_0051218,Success,Saved 4/5
UCLA_1_0051219,Success,Saved 4/5
UCLA_1_0051220,Success,Saved 4/5
UCLA_1_0051221,Success,Saved 4/5
UCLA_1_0051222,Success,Saved 4/5
UCLA_1_0051223,Success,Saved 4/5
UCLA_1_0051224,Success,Saved 4/5
UCLA_1_0051225,Success,Saved 4/5
UCLA_1_0051226,Success,Saved 4/5
UCLA_1_0051227,Success,Saved 4/5
UCLA_1_0051228,Success,Saved 4/5
UCLA_1_0051229,Success,Saved 4/5
UCLA_1_0051230,Success,Saved 4/5
UCLA_1_0051231,Success,Saved 4/5
UCLA_1_0051234,Success,Saved 4/5
UCLA_1_0051235,Success,Saved 4/5
UCLA_1_0051236,Success,Saved 4/5
UCLA_1_0051237,Success,Saved 4/5
UCLA_1_0051238,Success,Saved 4/5
UCLA_1_0051239,Success,Saved 4/5
UCLA_1_0051240,Success,Saved 4/5
UCLA_1_0051241,Success,Saved 4/5
UCLA_1_0051248,Success,Saved 4/5
UCLA_1_0051249,Success,Saved 4/5
UCLA_1_0051250,Success,Saved 4/5
UCLA_1_0051251,Success,Saved 4/5
UCLA_1_0051252,Success,Saved 4/5
UCLA_1_0051253,Success,Saved 4/5
UCLA_1_0051254,Success,Saved 4/5
UCLA_1_0051255,Success,Saved 4/5
UCLA_1_0051256,Success,Saved 4/5
UCLA_1_0051257,Success,Saved 4/5
UCLA_1_0051258,Success,Saved 4/5
UCLA_1_0051260,Success,Saved 4/5
UCLA_1_0051261,Success,Saved 4/5
UCLA_1_0051262,Success,Saved 4/5
UCLA_1_0051263,Success,Saved 4/5
UCLA_1_0051264,Success,Saved 4/5
UCLA_1_0051265,Success,Saved 4/5
UCLA_1_0051266,Success,Saved 4/5
UCLA_1_0051267,Success,Saved 4/5
UCLA_1_0051268,Success,Saved 4/5
UCLA_1_0051269,Success,Saved 4/5
UCLA_1_0051271,Success,Saved 4/5
UCLA_1_0051272,Success,Saved 4/5
UCLA_1_0051273,Success,Saved 4/5
UCLA_1_0051274,Success,Saved 4/5
UCLA_1_0051275,Success,Saved 4/5
UCLA_1_0051276,Success,Saved 4/5
UCLA_1_0051277,Success,Saved 4/5
UCLA_1_0051278,Success,Saved 4/5
UCLA_1_0051279,Success,Saved 4/5
UCLA_1_0051280,Success,Saved 4/5
UCLA_1_0051281,Success,Saved 4/5
UCLA_1_0051282,Success,Saved 4/5
UCLA_2_0051291,Success,Saved 4/5
UCLA_2_0051292,Success,Saved 4/5
UCLA_2_0051293,Success,Saved 4/5
UCLA_2_0051294,Success,Saved 4/5
UCLA_2_0051295,Success,Saved 4/5
UCLA_2_0051296,Success,Saved 4/5
UCLA_2_0051297,Success,Saved 4/5
UCLA_2_0051298,Success,Saved 4/5
UCLA_2_0051299,Success,Saved 4/5
UCLA_2_0051300,Success,Saved 4/5
UCLA_2_0051301,Success,Saved 4/5
UCLA_2_0051302,Success,Saved 4/5
UCLA_2_0051303,Success,Saved 4/5
UCLA_2_0051304,Success,Saved 4/5
UCLA_2_0051305,Success,Saved 4/5
UCLA_2_0051306,Success,Saved 4/5
UCLA_2_0051307,Success,Saved 4/5
UCLA_2_0051308,Success,Saved 4/5
UCLA_2_0051309,Success,Saved 4/5
UCLA_2_0051311,Success,Saved 4/5
UCLA_2_0051312,Success,Saved 4/5
UCLA_2_0051313,Success,Saved 4/5
UCLA_2_0051314,Success,Saved 4/5
UCLA_2_0051315,Success,Saved 4/5
UCLA_2_0051316,Success,Saved 4/5
UCLA_2_0051317,Success,Saved 4/5
MaxMun_a_0051318,Success,Saved 4/5
MaxMun_a_0051319,Success,Saved 4/5
MaxMun_a_0051320,Success,Saved 4/5
MaxMun_a_0051321,Success,Saved 4/5
MaxMun_b_0051322,Success,Saved 4/5
MaxMun_b_0051323,Success,Saved 4/5
MaxMun_b_0051324,Success,Saved 3/5
MaxMun_b_0051325,Success,Saved 4/5
MaxMun_b_0051326,Success,Saved 4/5
MaxMun_b_0051327,Success,Saved 4/5
MaxMun_c_0051328,Success,Saved 4/5
MaxMun_d_0051329,Success,Saved 4/5
MaxMun_d_0051330,Success,Saved 4/5
MaxMun_d_0051331,Success,Saved 4/5
MaxMun_c_0051332,Success,Saved 4/5
MaxMun_c_0051333,Success,Saved 4/5
MaxMun_c_0051334,Success,Saved 4/5
MaxMun_c_0051335,Success,Saved 4/5
MaxMun_c_0051336,Success,Saved 4/5
MaxMun_c_0051338,Success,Saved 4/5
MaxMun_c_0051339,Success,Saved 4/5
MaxMun_c_0051340,Success,Saved 4/5
MaxMun_c_0051341,Success,Saved 4/5
MaxMun_c_0051342,Success,Saved 4/5
MaxMun_c_0051343,Success,Saved 4/5
MaxMun_c_0051344,Success,Saved 4/5
MaxMun_c_0051345,Success,Saved 4/5
MaxMun_c_0051346,Success,Saved 4/5
MaxMun_c_0051347,Success,Saved 4/5
MaxMun_c_0051348,Success,Saved 4/5
MaxMun_d_0051349,Success,Saved 4/5
MaxMun_d_0051350,Success,Saved 4/5
MaxMun_d_0051351,Success,Saved 4/5
MaxMun_d_0051352,Success,Saved 4/5
MaxMun_d_0051353,Success,Saved 4/5
MaxMun_d_0051354,Success,Saved 4/5
MaxMun_d_0051355,Success,Saved 4/5
MaxMun_d_0051356,Success,Saved 4/5
MaxMun_d_0051357,Success,Saved 4/5
MaxMun_d_0051358,Success,Saved 4/5
MaxMun_d_0051359,Success,Saved 4/5
MaxMun_d_0051360,Success,Saved 4/5
MaxMun_d_0051361,Success,Saved 4/5
MaxMun_a_0051362,Success,Saved 4/5
MaxMun_a_0051363,Success,Saved 4/5
MaxMun_a_0051364,Success,Saved 4/5
MaxMun_a_0051365,Success,Saved 4/5
MaxMun_a_0051369,Success,Saved 4/5
MaxMun_a_0051370,Success,Saved 4/5
MaxMun_a_0051373,Success,Saved 4/5
Caltech_0051456,Success,Saved 3/5
Caltech_0051457,Success,Saved 3/5
Caltech_0051458,Success,Saved 3/5
Caltech_0051459,Success,Saved 3/5
Caltech_0051460,Success,Saved 3/5
Caltech_0051461,Success,Saved 4/5
Caltech_0051462,Success,Saved 3/5
Caltech_0051463,Success,Saved 3/5
Caltech_0051464,Success,Saved 4/5
Caltech_0051465,Success,Saved 4/5
Caltech_0051466,Success,Saved 3/5
Caltech_0051467,Success,Saved 3/5
Caltech_0051468,Success,Saved 3/5
Caltech_0051469,Success,Saved 2/5
Caltech_0051470,Success,Saved 3/5
Caltech_0051471,Success,Saved 3/5
Caltech_0051472,Success,Saved 3/5
Caltech_0051473,Success,Saved 3/5
Caltech_0051474,Success,Saved 3/5
Caltech_0051476,Success,Saved 3/5
Caltech_0051477,Success,Saved 3/5
Caltech_0051478,Success,Saved 3/5
Caltech_0051479,Success,Saved 4/5
Caltech_0051480,Success,Saved 4/5
Caltech_0051481,Success,Saved 4/5
Caltech_0051482,Success,Saved 4/5
Caltech_0051483,Success,Saved 3/5
Caltech_0051484,Success,Saved 4/5
Caltech_0051485,Success,Saved 3/5
Caltech_0051486,Success,Saved 3/5
Caltech_0051487,Success,Saved 4/5
Caltech_0051488,Success,Saved 3/5
Caltech_0051489,Success,Saved 3/5
Caltech_0051490,Success,Saved 3/5
Caltech_0051491,Success,Saved 4/5
Caltech_0051492,Success,Saved 3/5
Caltech_0051493,Success,Saved 4/5
SBL_0051556,Success,Saved 4/5
SBL_0051557,Success,Saved 3/5
SBL_0051558,Success,Saved 4/5
SBL_0051559,Success,Saved 4/5
SBL_0051560,Success,Saved 4/5
SBL_0051561,Success,Saved 4/5
SBL_0051562,Success,Saved 4/5
SBL_0051563,Success,Saved 4/5
SBL_0051564,Success,Saved 4/5
SBL_0051565,Success,Saved 4/5
SBL_0051566,Success,Saved 4/5
SBL_0051567,Success,Saved 4/5
SBL_0051568,Success,Saved 4/5
SBL_0051569,Success,Saved 4/5
SBL_0051570,Success,Saved 4/5
SBL_0051571,Success,Saved 3/5
SBL_0051572,Success,Saved 4/5
SBL_0051573,Success,Saved 4/5
SBL_0051574,Success,Saved 4/5
SBL_0051575,Success,Saved 4/5
SBL_0051576,Success,Saved 4/5
SBL_0051577,Success,Saved 4/5
SBL_0051578,Success,Saved 4/5
SBL_0051579,Success,Saved 4/5
SBL_0051580,Success,Saved 4/5
SBL_0051581,Success,Saved 4/5
SBL_0051582,Success,Saved 4/5
SBL_0051583,Success,Saved 4/5
SBL_0051584,Success,Saved 4/5
SBL_0051585,Success,Saved 4/5
MaxMun_a_0051606,Success,Saved 4/5
MaxMun_a_0051607,Success,Saved 4/5
